first,A,A,A,A,gsc,gsc,gsc,gsc,ci,ci,ci,ci,Tl,Tl,Tl,Tl,Ta,Ta,Ta,Ta,dT,dT,dT,dT,Pa,Pa,Pa,Pa,Ca,Ca,Ca,Ca,VPD,VPD,VPD,VPD,A_farq
second,LTO,LT,AT,obs,LTO,LT,AT,obs,LTO,LT,AT,obs,LTO,LT,AT,obs,LTO,LT,AT,obs,LTO,LT,AT,obs,LTO,LT,AT,obs,LTO,LT,AT,obs,LTO,LT,AT,obs,mod
0,1.3770540320573941e-05,1.3720710717488057e-05,,12.181201716738215,0.2033825588609861,0.19669201180613163,,0.19216351183861563,33.182790711920546,32.976750230756316,,34.07663358077527,25.625680655631086,25.654743456640023,,25.7,25,25,25,25,0.6256806556310863,0.6547434566400234,,0.6999999999999993,,,,101325.0,,,,40.499602499999995,,,,652.9821627811843,13.68465440920345
1,1.3048241158495526e-05,1.2893502586307971e-05,,12.946094420600861,0.16134785199741067,0.15148616766689507,,0.1775580371514971,31.700607907201857,31.275884756031857,,32.946644156303265,30.056816770292325,30.133655378452215,,30.0,30,30,30,30,0.05681677029232546,0.13365537845221453,,0.0,,,,101325.0,,,,40.33444275,,,,1324.457123045115,13.25830731769102
2,1.1847202024672751e-05,1.154662389680979e-05,,12.946094420600861,0.13857132652866733,0.1260935820494574,,0.17611031457319992,31.269908824748796,30.664499853895137,,32.88996543338331,34.55204787887473,34.6920667942824,,33.9,35,35,35,35,-0.44795212112526883,-0.3079332057176032,,-1.1000000000000014,,,,101325.0,,,,40.33849575,,,,2066.6252781079106,12.589278929003612
3,9.944566566406815e-06,9.361954835908012e-06,,11.98141630901288,0.11646388168412429,0.09924767776747978,,0.15676969675012914,31.50968151742122,30.62394743452385,,32.76375649474915,39.023563360656475,39.303245433694805,,38.0,40,40,40,40,-0.9764366393435253,-0.6967545663051951,,-2.0,,,,101325.0,,,,40.5077085,,,,3134.2523555276775,11.136715458991166
4,6.8812185780432585e-06,4.587604228580914e-06,,8.40240343347641,0.10632971002284346,0.05898782363175256,,0.10199731043109939,34.31296427470024,33.07115198910215,,32.766612609992535,43.03936855235541,44.26436474916741,,42.5,45,45,45,45,-1.9606314476445874,-0.735635250832587,,-2.5,,,,101325.0,,,,41.113632,,,,5017.252668962643,7.401208228705059
5,1.7424571147757248e-06,1.7208386581530424e-07,,3.2308154506437585,0.13137410593491747,0.012335451828087938,,0.1451189802997504,40.602853835724126,40.58964496971622,,39.753524466667315,47.111813067260364,50.85766856550747,,46.2,50,50,50,50,-2.888186932739636,0.857668565507467,,-3.799999999999997,,,,101325.0,,,,42.009344999999996,,,,5987.306954011547,2.752616280221179
6,1.0458640981048601e-07,5.054387519539877e-09,,0.08562231759655355,0.11111599528099277,0.002105529600297483,,0.1346573621927317,43.30540485546816,43.16117217052573,,43.340162422295684,51.7826452036515,56.334190363747055,,49.7,55,55,55,55,-3.217354796348502,1.3341903637470551,,-5.299999999999997,,,,101325.0,,,,43.40459025,,,,7727.3890931416345,0.39831289550074317
7,1.8434079979004403e-05,1.8459341433496697e-05,,18.870224948875254,0.18007976695969802,0.18325037150847023,,0.2415578262822087,26.229478686546,26.394134800898684,,29.297224779106163,25.82550312234057,25.812169727498958,,25.5,25,25,25,25,0.8255031223405709,0.8121697274989579,,0.5,,,,101325.0,,,,37.212619499999995,,,,569.1178552307586,18.731676907011444
8,1.889844444506677e-05,1.8855645877824603e-05,,20.289979550102256,0.15380294041744402,0.15162183183887207,,0.2007291086375138,23.929022477548997,23.779966580687933,,26.773976029772644,30.215950569462773,30.23223779334141,,29.8,30,30,30,30,0.21595056946277325,0.2322377933414117,,-0.1999999999999993,,,,101325.0,,,,37.016049,,,,1220.3475143039882,19.507826152378033
9,1.8583642311246506e-05,1.8361041191336155e-05,,19.185725971370132,0.1375459912987936,0.13145564069184013,,0.16982550410180405,23.004795578191214,22.54974593035127,,25.88416304549626,34.56839549193592,34.635912742573794,,33.9,35,35,35,35,-0.43160450806408335,-0.3640872574262062,,-1.1000000000000014,,,,101325.0,,,,37.331169749999994,,,,2060.5475707508667,19.47242076322907
10,1.6780379894990132e-05,1.611777396732128e-05,,15.584662576687135,0.11458615991639934,0.10392549500080134,,0.13340137746505812,22.90678839403656,22.05375856747872,,26.491892438708025,38.8639208125697,39.04779797242296,,38.6,40,40,40,40,-1.1360791874302976,-0.9522020275770373,,-1.3999999999999986,,,,101325.0,,,,38.329221,,,,3409.631229079946,17.716652560094026
11,1.243974286034144e-05,9.188818195990995e-06,,9.220245398772999,0.1031180754295854,0.0662114074679083,,0.09643137108344624,26.65786569958781,24.93437621297246,,29.633045059740216,43.01815971466055,43.980526517425346,,42.9,45,45,45,45,-1.9818402853394517,-1.0194734825746536,,-2.1000000000000014,,,,101325.0,,,,39.32119275,,,,5175.466445803328,12.396137305880584
12,3.636794800691974e-06,4.0404356991374774e-07,,3.111492842535802,0.12347680779867864,0.013441092833694894,,0.12312982192252653,37.51026844944454,37.56487112881288,,38.06476090457591,47.03870696962735,50.758054848788724,,46.6,50,50,50,50,-2.9612930303726515,0.7580548487887242,,-3.3999999999999986,,,,101325.0,,,,40.6252455,,,,6351.2457765992385,4.48694358630893
13,2.2526465277296413e-07,1.3379825858988235e-08,,0.37533742331288217,0.10913217211022243,0.0023245691654570464,,0.13427626290341263,41.35020230992055,40.983870477042466,,41.28433801135685,51.832083754818505,56.31737249378542,,49.9,55,55,55,55,-3.1679162451814946,1.3173724937854203,,-5.100000000000001,,,,101325.0,,,,41.567568,,,,7729.215251136648,0.7421753966684579
14,1.3680509211452436e-05,1.3676919165333892e-05,,12.288220858895722,0.2124620765495829,0.2116784169861264,,0.04367264110190412,34.214451324289925,34.192132803776076,,12.674628634533686,20.967636954963766,20.97028479774583,,20.8,20,20,20,20,0.9676369549637656,0.9702847977458298,,0.8000000000000007,,,,101325.0,,,,41.1845595,,,,431.8735471899988,9.096622579800496
15,1.3882949033642334e-05,1.3837940055936529e-05,,14.213865030674844,0.21363629737513093,0.20686423500433349,,0.22375789274175342,33.73367208064464,33.54165429427079,,34.34173642866674,25.673055596958825,25.69959860676914,,25.5,25,25,25,25,0.6730555969588252,0.6995986067691398,,0.5,,,,101325.0,,,,40.778246249999995,,,,582.6068727027293,13.943191799210066
16,1.3404488085446758e-05,1.3274097738362936e-05,,14.899263803680974,0.18305740201016318,0.17224284735832016,,0.31247101956473605,33.037711205800825,32.65295821403069,,36.07757015421369,30.235268013227948,30.29950997072477,,29.8,30,30,30,30,0.2352680132279481,0.29950997072477037,,-0.1999999999999993,,,,101325.0,,,,40.908955500000005,,,,1015.3137885141903,14.241734073919597
17,1.2106415858798266e-05,1.1817317340687147e-05,,14.458650306748487,0.14012474432884167,0.12776708445657617,,0.1856918388180893,32.21834103330306,31.610800950408958,,33.49767191097067,34.60862436399242,34.74175096301979,,33.8,35,35,35,35,-0.39137563600758085,-0.2582490369802102,,-1.2000000000000028,,,,101325.0,,,,41.3872095,,,,1980.5443659084317,12.957605215882259
18,1.0160539641446559e-05,9.575148652608481e-06,,12.881145194274033,0.1141435283140661,0.0974760703507672,,0.1579079977024237,32.277512390215485,31.36414802041381,,33.385195778463796,39.024917574303586,39.302536180044925,,38.4,40,40,40,40,-0.9750824256964137,-0.6974638199550753,,-1.6000000000000014,,,,101325.0,,,,41.650654499999995,,,,3188.4816903819246,11.26619371355665
19,7.059695355869284e-06,4.701999894653788e-06,,9.377995910020456,0.10663248367774128,0.05880929154926036,,0.11417425852542344,35.26924037522127,33.95964866805906,,33.90460468434617,43.0642402818858,44.290573188645304,,42.9,45,45,45,45,-1.9357597181141983,-0.709426811354696,,-2.1000000000000014,,,,101325.0,,,,42.22719375,,,,4976.820726699206,7.368120645096393
20,1.8639060935542347e-06,1.7967970297066303e-07,,3.6282617586911843,0.1276165345074985,0.012074780201952495,,0.12729398974499254,41.628744046319355,41.66136755245385,,40.28752834449356,47.04247226302789,50.84944512429464,,46.4,50,50,50,50,-2.9575277369721107,0.8494451242946397,,-3.6000000000000014,,,,101325.0,,,,43.17559575,,,,6209.733417174274,2.564382344041007
21,1.197916119720526e-07,5.104422040567942e-09,,0.09791411042945156,0.10382868069286065,0.002010682367584608,,0.11730627526796462,43.43834528116805,43.302202449290775,,43.475042764193226,51.58165860650561,56.32864507069136,,50.8,55,55,55,55,-3.418341393494387,1.3286450706913584,,-4.200000000000003,,,,101325.0,,,,43.559617499999995,,,,8489.150298453113,0.19870808826234232
22,1.692410326481707e-05,1.696219210352312e-05,,11.642462686567125,0.15111544038345096,0.156540251620376,,-0.05230975330454282,27.03180349155535,27.39916137896542,,61.482766038560015,21.042838707914648,21.017594993093766,,21.1,20,20,20,20,1.0428387079146475,1.0175949930937662,,1.1000000000000014,,,,101325.0,,,,38.9310915,,,,570.8415772958036,-1.7487458147389497e-34
23,1.821106220530853e-05,1.8233823650443757e-05,,15.304925373134287,0.15196699745507788,0.15391963979038545,,0.16785669318684263,25.755631564546345,25.89393266412369,,29.26280964936251,25.693517728247762,25.682067868147247,,25.9,25,25,25,25,0.6935177282477625,0.6820678681472465,,0.8999999999999986,,,,101325.0,,,,38.5014735,,,,822.4558162160448,18.451722061388924
24,1.855217008428613e-05,1.8494836174585457e-05,,16.079104477611985,0.13044749309631748,0.12835865257440998,,0.13781132829590198,23.35046767561071,23.163151369297868,,26.56389233759509,29.99462125885613,30.016500770559965,,30.3,30,30,30,30,-0.005378741143868382,0.016500770559964906,,0.3000000000000007,,,,101325.0,,,,38.385963,,,,1687.1191702768285,18.777953772246942
25,1.8075348122767557e-05,1.781418573147593e-05,,14.332238805970148,0.11615196363157848,0.11094579198721614,,0.12669616709047363,22.146804393870646,21.65434538725138,,27.071718885094462,34.261491429340836,34.343291881429494,,34.8,35,35,35,35,-0.7385085706591639,-0.6567081185705064,,-0.20000000000000284,,,,101325.0,,,,38.5338975,,,,2798.21706892095,18.464922451241645
26,1.556078717453493e-05,1.4850488297741908e-05,,11.314925373134306,0.08889625247273059,0.08133853342400708,,0.04076216131153885,20.529493866926963,19.79104256962775,,10.681272253525671,38.27195975396222,38.48939618961059,,40.6,40,40,40,40,-1.7280402460377786,-1.5106038103894122,,0.6000000000000014,,,,101325.0,,,,38.807475000000004,,,,5222.697528597587,9.065722597043981
27,1.2064034199895684e-05,9.319737811749083e-06,,8.218208955223853,0.08239520394363928,0.05822246905246123,,0.06089664016145744,23.849169763214988,22.562676281949233,,25.43729621778372,42.645797274971486,43.54369152314284,,44.7,45,45,45,45,-2.3542027250285145,-1.45630847685716,,-0.29999999999999716,,,,101325.0,,,,39.11145,,,,6880.6010326895275,7.629555714886051
28,4.164630564742358e-06,4.119031790044284e-07,,3.017313432835841,0.10799273180297575,0.012640511422266758,,0.12662257723189874,35.53769013050321,36.27820340888954,,37.180277587904094,46.698068354025516,50.67883080512338,,47.3,50,50,50,50,-3.3019316459744843,0.6788308051233827,,-2.700000000000003,,,,101325.0,,,,39.594770249999996,,,,7523.204774406367,3.1341891728038798
29,2.658396548798017e-07,1.2972729048984125e-08,,0.9627611940298779,0.09957004587188396,0.002190854114253309,,0.16663602785400636,39.69147800171141,39.37124923067674,,39.38628096296219,51.51275611028136,56.306456033677904,,50.5,55,55,55,55,-3.4872438897186413,1.3064560336779039,,-4.5,,,,101325.0,,,,39.97169925,,,,8821.512089305412,0.4996036936662792
30,1.3362985276490182e-05,1.329809790814058e-05,,11.960074626865683,0.1899818032477573,0.1828680530312693,,0.16741953954562913,31.05219272687907,30.813048057313825,,31.383620584883868,25.50086039879705,25.537976843597868,,25.8,25,25,25,25,0.5008603987970517,0.5379768435978676,,0.8000000000000007,,,,101325.0,,,,38.62205025,,,,806.8461308662527,13.130554471857392
31,1.2451671954272548e-05,1.22614547520066e-05,,11.771492537313446,0.14440432224141503,0.1349628226232856,,0.1321694678994781,29.43202218668624,28.970028749588963,,29.564240727801458,29.818910005251,29.915157625619294,,30.4,30,30,30,30,-0.18108999474900145,-0.08484237438070608,,0.3999999999999986,,,,101325.0,,,,38.588612999999995,,,,1724.7112267507657,12.132803333723206
32,1.1071192555666136e-05,1.0713613758289664e-05,,10.669776119402984,0.11811018985467288,0.10700750268185136,,0.1179432981720538,28.803811598456836,28.169192199385243,,29.51442199788108,34.20407099272725,34.381162429964625,,34.8,35,35,35,35,-0.795929007272747,-0.6188375700353745,,-0.20000000000000284,,,,101325.0,,,,38.68081875,,,,2833.705923612352,10.919386508809302
33,8.87626387403421e-06,8.24618152731852e-06,,7.702089552238797,0.08593302420207517,0.07386650683535712,,0.0482251960164917,28.133706622679657,27.31023639163967,,22.726092860484886,38.411199457358634,38.764161878271054,,40.5,40,40,40,40,-1.5888005426413656,-1.2358381217289462,,0.5,,,,101325.0,,,,38.90879999999999,,,,5125.542934098723,6.211254281586539
34,6.518901327530636e-06,4.43529699308047e-06,,5.776567164179097,0.0917255928872751,0.05417900026796902,,0.09409873004601058,31.65244386880029,30.632405454291415,,32.863916189980344,42.788228025103265,44.01663371020077,,43.6,45,45,45,45,-2.2117719748967346,-0.9833662897992284,,-1.3999999999999986,,,,101325.0,,,,39.08409225,,,,6066.962850848714,5.676456690264865
35,2.0914440229881823e-06,1.663087128039181e-07,,1.746865671641782,0.10661166077327376,0.011152145650264234,,0.11843372017404794,37.423499207425635,37.96934874561329,,37.9918358714673,46.57534885507602,50.75131561566505,,47.7,50,50,50,50,-3.4246511449239776,0.7513156156650496,,-2.299999999999997,,,,101325.0,,,,39.4863525,,,,7812.900555457095,1.165157732161533
36,1.214905935510896e-07,4.245209936341502e-09,,0.18858208955223654,0.09839106643393093,0.0019514736361132539,,0.13252834809053649,39.50068948707233,39.40965809783605,,39.48605292101434,51.34234279850527,56.32023156020102,,50.5,55,55,55,55,-3.657657201494729,1.320231560201023,,-4.5,,,,101325.0,,,,39.630234,,,,9215.90746608287,0.21064701966355337
37,1.6768652864884163e-05,1.680516182044758e-05,,15.737219430485759,0.15785527204263905,0.16280343430037475,,0.09789850813041796,24.657404391160526,24.960634323148234,,19.67930605276527,20.983074987362812,20.95979174387864,,21.4,20,20,20,20,0.9830749873628122,0.9597917438786396,,1.3999999999999986,,,,101325.0,,,,35.967335250000005,,,,597.0686146751912,15.790564292777269
38,1.8145737026094838e-05,1.8164934594432055e-05,,18.450686767169163,0.172229622719994,0.1741603482851787,,0.14365622293765112,24.153600937390852,24.26014205596738,,22.41649546834411,25.709678154128568,25.700152354897007,,26.0,25,25,25,25,0.7096781541285679,0.700152354897007,,1.0,,,,101325.0,,,,35.43031275,,,,704.1453487313523,17.795573135047963
39,1.8516943756309894e-05,1.8455196174032495e-05,,19.894304857621428,0.1526568209509268,0.14984876823511462,,0.14838237840020496,22.14402251529461,21.957540902283533,,21.47334332202464,30.087108145764535,30.109963265138195,,30.4,30,30,30,30,0.0871081457645353,0.10996326513819454,,0.3999999999999986,,,,101325.0,,,,35.05845,,,,1364.2797261859353,18.44200302680678
40,1.8079322792265208e-05,1.7822928760572603e-05,,19.60469011725293,0.14006475073187805,0.13330080671223624,,0.14955114207560732,21.33604611437581,20.876071694873204,,21.751416812667077,34.46441000741803,34.54115085987182,,34.6,35,35,35,35,-0.5355899925819685,-0.45884914012818,,-0.3999999999999986,,,,101325.0,,,,35.034132,,,,2154.4547431738533,18.36759106216007
41,1.6116320152277898e-05,1.5432685176856964e-05,,14.60103852596314,0.11398781484528923,0.10328434186426401,,0.10866551870240472,21.265841059673463,20.475685403134527,,22.53804351670698,38.75247305530212,38.94565797039086,,39.2,40,40,40,40,-1.2475269446978814,-1.0543420296091384,,-0.7999999999999972,,,,101325.0,,,,36.15276,,,,3590.8637832184636,15.620933789309587
42,1.1975734820483729e-05,9.044632832212922e-06,,7.382948073701839,0.09331076943058801,0.06307976199306192,,0.06482066718543036,24.323882266096597,22.90344210222142,,26.21094783096031,42.837333913279565,43.76322955026468,,44.2,45,45,45,45,-2.162666086720435,-1.2367704497353174,,-0.7999999999999972,,,,101325.0,,,,37.7516685,,,,5923.302961199989,8.445381286641611
43,3.4095973150116764e-06,3.8718845305362144e-07,,3.6536013400334957,0.125998530774764,0.013749594034481843,,0.1216753746973206,35.778947174263536,35.77611043383879,,35.60079703708233,47.09791738297109,50.76085313854473,,47.0,50,50,50,50,-2.90208261702891,0.7608531385447321,,-3.0,,,,101325.0,,,,38.643328499999996,,,,6193.658908609779,3.571454315190892
44,2.0713809363795806e-07,1.2789281570853525e-08,,0.6638860971524327,0.11111472117759018,0.002367855177768813,,0.1260971695853895,39.441896694428905,39.090595991717464,,39.10487633055246,51.90226315620229,56.31857572350629,,50.1,55,55,55,55,-3.097736843797712,1.3185757235062923,,-4.899999999999999,,,,101325.0,,,,39.63833999999999,,,,7528.470097884043,0.632504478309687
45,1.2983710074029587e-05,1.2962957436328982e-05,,12.33758793969849,0.19586569055995087,0.19271697761846984,,0.05347459784112497,29.409172532611162,29.311018544157,,13.171371802140648,20.770670366118345,20.784719867881424,,21.2,20,20,20,20,0.7706703661183454,0.7847198678814244,,1.1999999999999993,,,,101325.0,,,,36.54894075,,,,628.8432064568145,9.173779485250618
46,1.3140308551156685e-05,1.307456496991608e-05,,14.51192629815745,0.21959940536700248,0.21058442369097047,,0.1649325731797864,29.553943831491548,29.328200618106,,27.13716302882082,25.550909668240294,25.588475267796372,,25.9,25,25,25,25,0.5509096682402941,0.5884752677963725,,0.8999999999999986,,,,101325.0,,,,36.05244825,,,,658.4695766409834,12.616493386189926
47,1.22119079234178e-05,1.2027019565192143e-05,,14.146566164154104,0.16549666989733167,0.15409641379118705,,0.13510107865529553,28.20377244384001,27.778436921796477,,25.482125087173145,29.92179724300591,30.014445427667077,,30.5,30,30,30,30,-0.07820275699409152,0.014445427667077126,,0.5,,,,101325.0,,,,36.091964999999995,,,,1427.4205306064669,11.601341116494758
48,1.0890253766859305e-05,1.0557986655922263e-05,,13.54505862646565,0.13979155749652483,0.12615336313678646,,0.14144701748329955,27.95407788014542,27.378972607732646,,26.517699679789363,34.411731853015816,34.57292823251748,,34.7,35,35,35,35,-0.5882681469841842,-0.4270717674825235,,-0.29999999999999716,,,,101325.0,,,,36.220647750000005,,,,2220.174855579226,10.846348412017655
49,8.97504724482772e-06,8.391054077240593e-06,,11.780636515912898,0.114816157480606,0.09739066504294916,,0.12669649946962958,28.31001501449689,27.520769244612502,,27.12134605445973,38.88704919348549,39.19040912932606,,39.0,40,40,40,40,-1.1129508065145117,-0.8095908706739365,,-1.0,,,,101325.0,,,,36.542861249999994,,,,3376.7185174964898,9.183581232681698
50,6.23730328644727e-06,4.1717252098121315e-06,,7.521072026800668,0.10294293816678722,0.058460476156069384,,0.0890328313546099,31.135480527971808,30.117268845667255,,28.935860018845116,42.95348506034248,44.17321455182686,,43.6,45,45,45,45,-2.04651493965752,-0.8267854481731405,,-1.3999999999999986,,,,101325.0,,,,37.49531625,,,,5304.804135825123,5.329934895270958
51,1.6105356826725312e-06,1.5318634397401124e-07,,2.4906867671691932,0.1288916313120691,0.012358952747947481,,0.12379790355202143,37.29609384248754,37.358621849460626,,36.58146873862721,47.06085272218049,50.84056703703076,,47.0,50,50,50,50,-2.939147277819508,0.840567037030759,,-3.0,,,,101325.0,,,,38.62002375,,,,6164.68011348489,1.6590396885834882
52,8.865331736216052e-08,4.1602185065710565e-09,,0.9134003350083802,0.1122732243777666,0.0021353615841000167,,0.11938343435978181,39.319010892123885,39.204694567062425,,38.62701714515211,51.80862828680766,56.333715008074684,,50.1,55,55,55,55,-3.191371713192339,1.3337150080746838,,-4.899999999999999,,,,101325.0,,,,39.40225275,,,,7653.515231630038,0.26991776747379
